{"soh":86.609217881228275,"model_R2":0.90591334338304152,"model_RMSE":3.4290417638008117,"model_accuracy_percent":90.591334338304151,"model_type":"TFLN","R2_Tfln":0.90591334338304152,"RMSE_tfln":3.4290417638008117,"R2_ensemble":0.89378906519113022,"RMSE_ensemble":3.6432868998007883}