{"soh":70.681790415812955,"model_R2":0.93871848671143954,"model_RMSE":2.7674099443360647,"model_accuracy_percent":93.871848671143951,"model_type":"TFLN","R2_Tfln":0.93871848671143954,"RMSE_tfln":2.7674099443360647,"R2_ensemble":0.89378906519113022,"RMSE_ensemble":3.6432868998007883}